Model,Accuracy,Precision,Recall,F1 Score
Logistic Regression,0.54,0.6176470588235294,0.6774193548387096,0.6461538461538462
Random Forest,0.52,0.6060606060606061,0.6451612903225806,0.625
