Model,MSE,R2 Score
Linear Regression,3.581245428582546,0.9916206955528905
Random Forest,8.40989313553948,0.9803227518594744
ANN,72409.97845131838,-168.42297492645937
