Model,MSE,R2 Score
LSTM,0.005378942434227764,0.1883067368096979
1D-CNN,0.010088696810524196,-0.5224046986194661
